{
  "weights": {
    "\ud83c\udf52": 10.403517195666879,
    "\ud83c\udf4b": 7.431083711190628,
    "\ud83d\udd14": 90.86646437754004,
    "\ud83c\udf4a": 74.34528903616912,
    "\ud83c\udf49": 66.08470136548367,
    "\u2b50": 20.651469176713647,
    "\ud83d\udcb5": 0.22853243368139498,
    "\ud83d\udc8e": 0.06855973010441849,
    "7\ufe0f\u20e3": 0.034279865052209244,
    "\ud83d\udc51": 0.01142662168406975
  },
  "mults": {
    "common": 0.3715541855595314,
    "mid": 4.130293835342729,
    "high": 0.22853243368139498
  }
}