{
  "best_mults": [
    0.3715541855595314,
    4.130293835342729,
    0.22853243368139498
  ],
  "validation": {
    "hit_rate": 0.20239,
    "avg_p": 0.63484,
    "RTP": 1.26968,
    "buckets": {
      "0": 79761,
      "<=2": 9661,
      "2-5": 9787,
      "5-10": 775,
      "10-25": 16,
      "25-100": 0,
      "100+": 0
    }
  }
}